filename,width,height,class,xmin,ymin,xmax,ymax
augmented_image_copy_131.jpg,1000,1000,Signature,290,784,488,860
augmented_image_copy_131.jpg,1000,1000,Signature,610,784,812,861
augmented_image_copy_131.jpg,1000,1000,Name,265,861,500,879
augmented_image_copy_131.jpg,1000,1000,Name,583,862,838,879
augmented_image_copy_131.jpg,1000,1000,IC,263,880,502,890
augmented_image_copy_131.jpg,1000,1000,IC,582,880,838,890
augmented_image_copy_131.jpg,1000,1000,Logo,31,936,204,972
augmented_image_copy_115.jpg,1000,1000,Logo,67,8,201,41
augmented_image_copy_049.jpg,1000,1000,Logo,705,28,919,79
augmented_image_copy_119.jpg,1000,1000,Logo,812,10,939,42
augmented_image_019.jpg,1000,1000,Name,44,207,459,241
augmented_image_019.jpg,1000,1000,Signature,44,245,459,270
augmented_image_019.jpg,1000,1000,Mobile_Number,44,272,459,292
augmented_image_019.jpg,1000,1000,Email,506,342,954,398
augmented_image_019.jpg,1000,1000,Name,506,466,955,532
augmented_image_019.jpg,1000,1000,Name,45,388,498,431
augmented_image_019.jpg,1000,1000,Name,45,475,498,531
augmented_image_019.jpg,1000,1000,IC,44,634,496,685
augmented_image_019.jpg,1000,1000,Mobile_Number,44,687,495,713
augmented_image_019.jpg,1000,1000,IC,34,942,823,973
augmented_image_014.jpg,1000,1000,Logo,704,31,916,79
augmented_image_014.jpg,1000,1000,Name,77,307,902,320
augmented_image_014.jpg,1000,1000,IC,77,331,904,343
augmented_image_017.jpg,1000,1000,Logo,33,25,254,64
augmented_image_017.jpg,1000,1000,Name,44,704,498,767
augmented_image_017.jpg,1000,1000,Name,45,776,499,824
augmented_image_017.jpg,1000,1000,Marital_Status,504,772,847,812
augmented_image_017.jpg,1000,1000,IC,504,722,938,769
augmented_image_017.jpg,1000,1000,IC,34,942,689,974
augmented_image_copy_133.jpg,1000,1000,Logo,52,34,350,87
augmented_image_copy_133.jpg,1000,1000,Name,55,136,949,162
augmented_image_copy_133.jpg,1000,1000,IC,55,169,521,198
augmented_image_copy_133.jpg,1000,1000,Address,56,234,951,324
augmented_image_copy_133.jpg,1000,1000,Address,56,329,952,420
augmented_image_copy_133.jpg,1000,1000,Name,57,456,954,487
augmented_image_copy_133.jpg,1000,1000,Address,55,492,954,579
augmented_image_copy_133.jpg,1000,1000,Mobile_Number,55,620,475,649
augmented_image_copy_133.jpg,1000,1000,Email,488,620,956,649
augmented_image_copy_043.jpg,1000,1000,Logo,707,30,917,79
augmented_image_copy_043.jpg,1000,1000,Name,91,309,910,318
augmented_image_copy_043.jpg,1000,1000,IC,90,356,908,364
augmented_image_copy_045.jpg,1000,1000,Logo,704,27,919,81
augmented_image_copy_045.jpg,1000,1000,Signature,88,255,462,275
augmented_image_copy_045.jpg,1000,1000,Name,88,277,461,297
augmented_image_copy_045.jpg,1000,1000,Date,88,301,462,321
augmented_image_copy_047.jpg,1000,1000,Logo,704,27,919,81
augmented_image_copy_047.jpg,1000,1000,Signature,88,255,462,275
augmented_image_copy_047.jpg,1000,1000,Name,88,277,461,297
augmented_image_copy_047.jpg,1000,1000,Date,88,301,462,321
augmented_image_copy_078.jpg,1000,1000,Name,44,207,459,241
augmented_image_copy_078.jpg,1000,1000,Signature,44,245,459,270
augmented_image_copy_078.jpg,1000,1000,Mobile_Number,44,272,459,292
augmented_image_copy_078.jpg,1000,1000,Email,506,342,954,398
augmented_image_copy_078.jpg,1000,1000,Name,506,466,955,532
augmented_image_copy_078.jpg,1000,1000,Name,45,388,498,431
augmented_image_copy_078.jpg,1000,1000,Name,45,475,498,531
augmented_image_copy_078.jpg,1000,1000,IC,44,634,496,685
augmented_image_copy_078.jpg,1000,1000,Mobile_Number,44,687,495,713
augmented_image_copy_078.jpg,1000,1000,IC,34,942,823,973
augmented_image_copy_082.jpg,1000,1000,IC,31,943,689,970
augmented_image_copy_085.jpg,1000,1000,IC,35,947,689,971
augmented_image_006.jpg,1000,1000,Signature,50,830,479,910
augmented_image_006.jpg,1000,1000,Name,46,915,491,932
augmented_image_006.jpg,1000,1000,Date,46,934,491,949
augmented_image_006.jpg,1000,1000,Signature,519,831,948,909
augmented_image_006.jpg,1000,1000,Name,512,917,955,931
augmented_image_006.jpg,1000,1000,Date,513,932,956,949
augmented_image_001.jpg,1000,1000,Name,36,44,382,78
augmented_image_001.jpg,1000,1000,Email,397,44,750,78
augmented_image_001.jpg,1000,1000,Mobile_Number,759,45,954,85
augmented_image_001.jpg,1000,1000,Logo,672,905,947,956
augmented_image_001.jpg,1000,1000,Logo,434,926,659,953
augmented_image_001.jpg,1000,1000,Name,37,375,479,404
augmented_image_001.jpg,1000,1000,Email,36,272,945,303
augmented_image_001.jpg,1000,1000,Name,575,154,945,184
augmented_image_001.jpg,1000,1000,IC,545,117,776,150
augmented_image_copy_114.jpg,1000,1000,Logo,67,8,201,41
augmented_image_037.jpg,1000,1000,Address,39,16,984,83
augmented_image_037.jpg,1000,1000,Address,40,257,984,296
augmented_image_037.jpg,1000,1000,Name,37,899,621,928
augmented_image_copy_129.jpg,1000,1000,Signature,290,784,488,860
augmented_image_copy_129.jpg,1000,1000,Signature,610,784,812,861
augmented_image_copy_129.jpg,1000,1000,Name,265,861,500,879
augmented_image_copy_129.jpg,1000,1000,Name,583,862,838,879
augmented_image_copy_129.jpg,1000,1000,IC,263,880,502,890
augmented_image_copy_129.jpg,1000,1000,IC,582,880,838,890
augmented_image_copy_129.jpg,1000,1000,Logo,31,936,204,972
augmented_image_copy_036.jpg,1000,1000,Logo,698,33,929,78
augmented_image_copy_036.jpg,1000,1000,Name,81,173,424,230
augmented_image_copy_036.jpg,1000,1000,IC,80,233,601,276
augmented_image_030.jpg,1000,1000,Logo,70,10,196,42
augmented_image_030.jpg,1000,1000,Signature,290,825,487,890
augmented_image_030.jpg,1000,1000,Signature,610,825,814,891
augmented_image_030.jpg,1000,1000,Name,269,891,522,906
augmented_image_030.jpg,1000,1000,Name,597,891,843,906
augmented_image_030.jpg,1000,1000,IC,269,906,523,918
augmented_image_030.jpg,1000,1000,IC,598,906,842,917
augmented_image_copy_015.jpg,1000,1000,Logo,672,905,936,955
augmented_image_copy_015.jpg,1000,1000,Logo,433,926,664,954
augmented_image_026.jpg,1000,1000,Logo,70,10,198,42
augmented_image_026.jpg,1000,1000,Signature,91,106,484,152
augmented_image_026.jpg,1000,1000,Date,493,117,910,150
augmented_image_026.jpg,1000,1000,Signature,89,465,485,509
augmented_image_026.jpg,1000,1000,Date,493,479,906,510
augmented_image_026.jpg,1000,1000,Signature,89,893,485,938
augmented_image_026.jpg,1000,1000,Date,492,906,909,938
augmented_image_041.jpg,1000,1000,Signature,36,508,444,628
augmented_image_041.jpg,1000,1000,Date,770,551,989,625
augmented_image_copy_029.jpg,1000,1000,Logo,405,885,596,930
augmented_image_copy_144.jpg,1000,1000,Logo,45,22,204,53
augmented_image_copy_144.jpg,1000,1000,Name,34,175,489,217
augmented_image_copy_144.jpg,1000,1000,IC,221,281,470,310
augmented_image_copy_144.jpg,1000,1000,Name,34,344,398,372
augmented_image_copy_144.jpg,1000,1000,Gender,34,372,372,385
augmented_image_copy_144.jpg,1000,1000,Address,32,747,487,835
augmented_image_copy_144.jpg,1000,1000,Mobile_Number,511,263,955,280
augmented_image_copy_144.jpg,1000,1000,Email,510,307,970,325
augmented_image_copy_144.jpg,1000,1000,Marital_Status,515,401,955,430
augmented_image_copy_144.jpg,1000,1000,Name,514,516,971,560
augmented_image_copy_144.jpg,1000,1000,Address,512,669,970,765
augmented_image_copy_144.jpg,1000,1000,IC,361,854,694,873
augmented_image_copy_144.jpg,1000,1000,Signature,32,895,501,972
augmented_image_copy_144.jpg,1000,1000,Signature,505,895,974,967
augmented_image_copy_127.jpg,1000,1000,Logo,810,11,939,44
augmented_image_021.jpg,1000,1000,IC,35,947,689,971
augmented_image_copy_064.jpg,1000,1000,Logo,704,27,919,81
augmented_image_copy_064.jpg,1000,1000,Signature,76,345,899,368
augmented_image_copy_064.jpg,1000,1000,Name,77,372,899,390
augmented_image_copy_064.jpg,1000,1000,Date,78,393,901,414
augmented_image_copy_156.jpg,1000,1000,Name,39,42,771,66
augmented_image_copy_156.jpg,1000,1000,Mobile_Number,39,91,388,115
augmented_image_copy_156.jpg,1000,1000,IC,37,293,491,319
augmented_image_copy_156.jpg,1000,1000,Name,39,335,908,370
augmented_image_copy_156.jpg,1000,1000,Name,39,370,597,394
augmented_image_copy_156.jpg,1000,1000,Gender,38,395,362,411
augmented_image_copy_156.jpg,1000,1000,Marital_Status,38,480,561,504
augmented_image_copy_156.jpg,1000,1000,Email,453,406,980,432
augmented_image_copy_156.jpg,1000,1000,Name,37,505,618,530
augmented_image_copy_156.jpg,1000,1000,Mobile_Number,37,552,448,578
augmented_image_copy_156.jpg,1000,1000,Address,35,628,982,667
augmented_image_copy_156.jpg,1000,1000,Mobile_Number,615,691,978,714
augmented_image_copy_156.jpg,1000,1000,Address,39,741,981,803
augmented_image_copy_166.jpg,1000,1000,Signature,36,508,444,628
augmented_image_copy_166.jpg,1000,1000,Date,770,551,989,625
augmented_image_copy_135.jpg,1000,1000,Logo,52,34,350,87
augmented_image_copy_135.jpg,1000,1000,Name,55,136,949,162
augmented_image_copy_135.jpg,1000,1000,IC,55,169,521,198
augmented_image_copy_135.jpg,1000,1000,Address,56,234,951,324
augmented_image_copy_135.jpg,1000,1000,Address,56,329,952,420
augmented_image_copy_135.jpg,1000,1000,Name,57,456,954,487
augmented_image_copy_135.jpg,1000,1000,Address,55,492,954,579
augmented_image_copy_135.jpg,1000,1000,Mobile_Number,55,620,475,649
augmented_image_copy_135.jpg,1000,1000,Email,488,620,956,649
augmented_image_010.jpg,1000,1000,Logo,707,30,917,79
augmented_image_010.jpg,1000,1000,Name,91,309,910,318
augmented_image_010.jpg,1000,1000,IC,90,356,908,364
augmented_image_copy_055.jpg,1000,1000,Logo,705,28,918,81
augmented_image_copy_055.jpg,1000,1000,Name,88,328,429,376
augmented_image_copy_055.jpg,1000,1000,Date,437,327,674,376
augmented_image_copy_055.jpg,1000,1000,Signature,685,326,910,376
augmented_image_copy_013.jpg,1000,1000,Logo,672,905,936,955
augmented_image_copy_013.jpg,1000,1000,Logo,433,926,664,954
augmented_image_copy_163.jpg,1000,1000,Signature,39,768,256,862
augmented_image_copy_163.jpg,1000,1000,Signature,384,767,629,862
augmented_image_copy_163.jpg,1000,1000,Name,38,872,343,883
augmented_image_copy_163.jpg,1000,1000,IC,38,883,342,907
augmented_image_copy_163.jpg,1000,1000,IC,383,883,687,907
augmented_image_copy_163.jpg,1000,1000,Name,383,872,688,883
augmented_image_copy_104.jpg,1000,1000,Logo,812,13,936,42
augmented_image_copy_139.jpg,1000,1000,Signature,58,611,281,690
augmented_image_copy_139.jpg,1000,1000,Signature,387,608,612,693
augmented_image_copy_139.jpg,1000,1000,Date,561,868,849,895
augmented_image_copy_113.jpg,1000,1000,Logo,67,8,201,41
augmented_image_copy_160.jpg,1000,1000,Address,38,15,983,59
augmented_image_copy_160.jpg,1000,1000,Name,41,208,619,233
augmented_image_copy_025.jpg,1000,1000,Signature,50,830,479,910
augmented_image_copy_025.jpg,1000,1000,Name,46,915,491,932
augmented_image_copy_025.jpg,1000,1000,Date,46,934,491,949
augmented_image_copy_025.jpg,1000,1000,Signature,519,831,948,909
augmented_image_copy_025.jpg,1000,1000,Name,512,917,955,931
augmented_image_copy_025.jpg,1000,1000,Date,513,932,956,949
augmented_image_copy_109.jpg,1000,1000,Logo,813,11,938,41
augmented_image_copy_109.jpg,1000,1000,Signature,87,411,485,453
augmented_image_copy_109.jpg,1000,1000,Date,492,420,910,455
augmented_image_copy_109.jpg,1000,1000,Name,64,530,486,554
augmented_image_copy_109.jpg,1000,1000,Name,503,530,920,554
augmented_image_copy_003.jpg,1000,1000,Logo,669,906,947,955
augmented_image_copy_003.jpg,1000,1000,Logo,434,926,660,955
augmented_image_copy_003.jpg,1000,1000,IC,235,284,477,319
augmented_image_copy_003.jpg,1000,1000,Name,273,324,559,355
augmented_image_copy_003.jpg,1000,1000,Email,37,404,481,435
augmented_image_copy_003.jpg,1000,1000,Gender,505,366,656,401
augmented_image_copy_003.jpg,1000,1000,Address,36,444,955,475
augmented_image_copy_067.jpg,1000,1000,Logo,707,31,917,76
augmented_image_copy_067.jpg,1000,1000,Name,79,330,420,383
augmented_image_copy_067.jpg,1000,1000,Date,426,331,681,384
augmented_image_copy_067.jpg,1000,1000,Signature,690,330,899,384
augmented_image_copy_148.jpg,1000,1000,Logo,821,10,969,61
augmented_image_copy_148.jpg,1000,1000,IC,40,499,489,526
augmented_image_copy_148.jpg,1000,1000,Name,39,544,907,577
augmented_image_copy_148.jpg,1000,1000,Gender,40,601,359,619
augmented_image_copy_148.jpg,1000,1000,Marital_Status,39,687,560,711
augmented_image_copy_148.jpg,1000,1000,Name,39,713,618,737
augmented_image_copy_148.jpg,1000,1000,Mobile_Number,38,761,447,785
augmented_image_copy_148.jpg,1000,1000,Email,450,609,982,642
augmented_image_copy_148.jpg,1000,1000,Address,38,811,983,849
augmented_image_copy_148.jpg,1000,1000,Mobile_Number,614,873,979,897
augmented_image_copy_014.jpg,1000,1000,Logo,672,905,936,955
augmented_image_copy_014.jpg,1000,1000,Logo,433,926,664,954
augmented_image_copy_020.jpg,1000,1000,Logo,45,32,233,70
augmented_image_copy_020.jpg,1000,1000,Date,711,24,956,37
augmented_image_copy_020.jpg,1000,1000,Gender,43,664,469,679
augmented_image_copy_020.jpg,1000,1000,Name,45,736,484,761
augmented_image_copy_020.jpg,1000,1000,IC,44,760,443,787
augmented_image_copy_020.jpg,1000,1000,Marital_Status,505,637,807,676
augmented_image_copy_020.jpg,1000,1000,Mobile_Number,507,692,951,705
augmented_image_copy_020.jpg,1000,1000,Email,507,707,953,722
augmented_image_copy_020.jpg,1000,1000,Address,506,725,953,751
augmented_image_copy_145.jpg,1000,1000,Logo,821,10,969,61
augmented_image_copy_145.jpg,1000,1000,IC,40,499,489,526
augmented_image_copy_145.jpg,1000,1000,Name,39,544,907,577
augmented_image_copy_145.jpg,1000,1000,Gender,40,601,359,619
augmented_image_copy_145.jpg,1000,1000,Marital_Status,39,687,560,711
augmented_image_copy_145.jpg,1000,1000,Name,39,713,618,737
augmented_image_copy_145.jpg,1000,1000,Mobile_Number,38,761,447,785
augmented_image_copy_145.jpg,1000,1000,Email,450,609,982,642
augmented_image_copy_145.jpg,1000,1000,Address,38,811,983,849
augmented_image_copy_145.jpg,1000,1000,Mobile_Number,614,873,979,897
augmented_image_copy_157.jpg,1000,1000,Address,38,15,983,59
augmented_image_copy_157.jpg,1000,1000,Name,41,208,619,233
augmented_image_copy_090.jpg,1000,1000,IC,30,941,689,974
augmented_image_copy_031.jpg,1000,1000,Logo,405,885,596,930
augmented_image_011.jpg,1000,1000,Logo,704,27,919,81
augmented_image_011.jpg,1000,1000,Signature,88,255,462,275
augmented_image_011.jpg,1000,1000,Name,88,277,461,297
augmented_image_011.jpg,1000,1000,Date,88,301,462,321
augmented_image_copy_095.jpg,1000,1000,Logo,805,35,945,70
augmented_image_copy_095.jpg,1000,1000,Logo,32,938,200,972
augmented_image_copy_095.jpg,1000,1000,Gender,63,515,374,528
augmented_image_copy_095.jpg,1000,1000,Name,64,531,936,545
augmented_image_copy_095.jpg,1000,1000,Name,66,549,658,581
augmented_image_copy_095.jpg,1000,1000,IC,66,610,393,640
augmented_image_copy_095.jpg,1000,1000,Marital_Status,66,662,714,674
augmented_image_copy_095.jpg,1000,1000,Address,65,721,931,751
augmented_image_copy_095.jpg,1000,1000,Email,65,800,465,813
augmented_image_copy_095.jpg,1000,1000,Mobile_Number,509,772,765,795
augmented_image_copy_142.jpg,1000,1000,Logo,45,22,204,53
augmented_image_copy_142.jpg,1000,1000,Name,34,175,489,217
augmented_image_copy_142.jpg,1000,1000,IC,221,281,470,310
augmented_image_copy_142.jpg,1000,1000,Name,34,344,398,372
augmented_image_copy_142.jpg,1000,1000,Gender,34,372,372,385
augmented_image_copy_142.jpg,1000,1000,Address,32,747,487,835
augmented_image_copy_142.jpg,1000,1000,Mobile_Number,511,263,955,280
augmented_image_copy_142.jpg,1000,1000,Email,510,307,970,325
augmented_image_copy_142.jpg,1000,1000,Marital_Status,515,401,955,430
augmented_image_copy_142.jpg,1000,1000,Name,514,516,971,560
augmented_image_copy_142.jpg,1000,1000,Address,512,669,970,765
augmented_image_copy_142.jpg,1000,1000,IC,361,854,694,873
augmented_image_copy_142.jpg,1000,1000,Signature,32,895,501,972
augmented_image_copy_142.jpg,1000,1000,Signature,505,895,974,967
augmented_image_copy_032.jpg,1000,1000,Logo,405,885,596,930
augmented_image_copy_071.jpg,1000,1000,Logo,33,25,254,64
augmented_image_copy_071.jpg,1000,1000,Name,44,704,498,767
augmented_image_copy_071.jpg,1000,1000,Name,45,776,499,824
augmented_image_copy_071.jpg,1000,1000,Marital_Status,504,772,847,812
augmented_image_copy_071.jpg,1000,1000,IC,504,722,938,769
augmented_image_copy_071.jpg,1000,1000,IC,34,942,689,974
augmented_image_copy_122.jpg,1000,1000,Logo,70,10,196,42
augmented_image_copy_122.jpg,1000,1000,Signature,290,825,487,890
augmented_image_copy_122.jpg,1000,1000,Signature,610,825,814,891
augmented_image_copy_122.jpg,1000,1000,Name,269,891,522,906
augmented_image_copy_122.jpg,1000,1000,Name,597,891,843,906
augmented_image_copy_122.jpg,1000,1000,IC,269,906,523,918
augmented_image_copy_122.jpg,1000,1000,IC,598,906,842,917
augmented_image_copy_039.jpg,1000,1000,Logo,700,36,926,75
augmented_image_copy_039.jpg,1000,1000,Signature,77,783,555,848
augmented_image_copy_039.jpg,1000,1000,Date,77,849,421,895
augmented_image_copy_141.jpg,1000,1000,Logo,45,22,204,53
augmented_image_copy_141.jpg,1000,1000,Name,34,175,489,217
augmented_image_copy_141.jpg,1000,1000,IC,221,281,470,310
augmented_image_copy_141.jpg,1000,1000,Name,34,344,398,372
augmented_image_copy_141.jpg,1000,1000,Gender,34,372,372,385
augmented_image_copy_141.jpg,1000,1000,Address,32,747,487,835
augmented_image_copy_141.jpg,1000,1000,Mobile_Number,511,263,955,280
augmented_image_copy_141.jpg,1000,1000,Email,510,307,970,325
augmented_image_copy_141.jpg,1000,1000,Marital_Status,515,401,955,430
augmented_image_copy_141.jpg,1000,1000,Name,514,516,971,560
augmented_image_copy_141.jpg,1000,1000,Address,512,669,970,765
augmented_image_copy_141.jpg,1000,1000,IC,361,854,694,873
augmented_image_copy_141.jpg,1000,1000,Signature,32,895,501,972
augmented_image_copy_141.jpg,1000,1000,Signature,505,895,974,967
augmented_image_copy_041.jpg,1000,1000,Logo,707,30,917,79
augmented_image_copy_041.jpg,1000,1000,Name,91,309,910,318
augmented_image_copy_041.jpg,1000,1000,IC,90,356,908,364
augmented_image_copy_103.jpg,1000,1000,Logo,812,13,936,42
augmented_image_copy_005.jpg,1000,1000,Name,36,44,382,78
augmented_image_copy_005.jpg,1000,1000,Email,397,44,750,78
augmented_image_copy_005.jpg,1000,1000,Mobile_Number,759,45,954,85
augmented_image_copy_005.jpg,1000,1000,Logo,672,905,947,956
augmented_image_copy_005.jpg,1000,1000,Logo,434,926,659,953
augmented_image_copy_005.jpg,1000,1000,Name,37,375,479,404
augmented_image_copy_005.jpg,1000,1000,Email,36,272,945,303
augmented_image_copy_005.jpg,1000,1000,Name,575,154,945,184
augmented_image_copy_005.jpg,1000,1000,IC,545,117,776,150
augmented_image_copy_028.jpg,1000,1000,Signature,50,830,479,910
augmented_image_copy_028.jpg,1000,1000,Name,46,915,491,932
augmented_image_copy_028.jpg,1000,1000,Date,46,934,491,949
augmented_image_copy_028.jpg,1000,1000,Signature,519,831,948,909
augmented_image_copy_028.jpg,1000,1000,Name,512,917,955,931
augmented_image_copy_028.jpg,1000,1000,Date,513,932,956,949
augmented_image_copy_124.jpg,1000,1000,Logo,70,10,196,42
augmented_image_copy_124.jpg,1000,1000,Signature,290,825,487,890
augmented_image_copy_124.jpg,1000,1000,Signature,610,825,814,891
augmented_image_copy_124.jpg,1000,1000,Name,269,891,522,906
augmented_image_copy_124.jpg,1000,1000,Name,597,891,843,906
augmented_image_copy_124.jpg,1000,1000,IC,269,906,523,918
augmented_image_copy_124.jpg,1000,1000,IC,598,906,842,917
augmented_image_007.jpg,1000,1000,Logo,405,885,596,930
augmented_image_039.jpg,1000,1000,Address,38,15,983,59
augmented_image_039.jpg,1000,1000,Name,41,208,619,233
augmented_image_copy_024.jpg,1000,1000,Name,45,887,448,928
augmented_image_copy_024.jpg,1000,1000,Name,44,928,492,954
augmented_image_copy_024.jpg,1000,1000,IC,496,857,890,885
augmented_image_copy_066.jpg,1000,1000,Logo,707,31,917,76
augmented_image_copy_066.jpg,1000,1000,Name,79,330,420,383
augmented_image_copy_066.jpg,1000,1000,Date,426,331,681,384
augmented_image_copy_066.jpg,1000,1000,Signature,690,330,899,384
augmented_image_copy_070.jpg,1000,1000,Logo,33,25,254,64
augmented_image_copy_070.jpg,1000,1000,Name,44,704,498,767
augmented_image_copy_070.jpg,1000,1000,Name,45,776,499,824
augmented_image_copy_070.jpg,1000,1000,Marital_Status,504,772,847,812
augmented_image_copy_070.jpg,1000,1000,IC,504,722,938,769
augmented_image_copy_070.jpg,1000,1000,IC,34,942,689,974
augmented_image_copy_077.jpg,1000,1000,Name,44,207,459,241
augmented_image_copy_077.jpg,1000,1000,Signature,44,245,459,270
augmented_image_copy_077.jpg,1000,1000,Mobile_Number,44,272,459,292
augmented_image_copy_077.jpg,1000,1000,Email,506,342,954,398
augmented_image_copy_077.jpg,1000,1000,Name,506,466,955,532
augmented_image_copy_077.jpg,1000,1000,Name,45,388,498,431
augmented_image_copy_077.jpg,1000,1000,Name,45,475,498,531
augmented_image_copy_077.jpg,1000,1000,IC,44,634,496,685
augmented_image_copy_077.jpg,1000,1000,Mobile_Number,44,687,495,713
augmented_image_copy_077.jpg,1000,1000,IC,34,942,823,973
augmented_image_copy_018.jpg,1000,1000,Logo,45,32,233,70
augmented_image_copy_018.jpg,1000,1000,Date,711,24,956,37
augmented_image_copy_018.jpg,1000,1000,Gender,43,664,469,679
augmented_image_copy_018.jpg,1000,1000,Name,45,736,484,761
augmented_image_copy_018.jpg,1000,1000,IC,44,760,443,787
augmented_image_copy_018.jpg,1000,1000,Marital_Status,505,637,807,676
augmented_image_copy_018.jpg,1000,1000,Mobile_Number,507,692,951,705
augmented_image_copy_018.jpg,1000,1000,Email,507,707,953,722
augmented_image_copy_018.jpg,1000,1000,Address,506,725,953,751
augmented_image_copy_137.jpg,1000,1000,Signature,58,611,281,690
augmented_image_copy_137.jpg,1000,1000,Signature,387,608,612,693
augmented_image_copy_137.jpg,1000,1000,Date,561,868,849,895
augmented_image_020.jpg,1000,1000,IC,31,943,689,970
augmented_image_038.jpg,1000,1000,Name,39,42,771,66
augmented_image_038.jpg,1000,1000,Mobile_Number,39,91,388,115
augmented_image_038.jpg,1000,1000,IC,37,293,491,319
augmented_image_038.jpg,1000,1000,Name,39,335,908,370
augmented_image_038.jpg,1000,1000,Name,39,370,597,394
augmented_image_038.jpg,1000,1000,Gender,38,395,362,411
augmented_image_038.jpg,1000,1000,Marital_Status,38,480,561,504
augmented_image_038.jpg,1000,1000,Email,453,406,980,432
augmented_image_038.jpg,1000,1000,Name,37,505,618,530
augmented_image_038.jpg,1000,1000,Mobile_Number,37,552,448,578
augmented_image_038.jpg,1000,1000,Address,35,628,982,667
augmented_image_038.jpg,1000,1000,Mobile_Number,615,691,978,714
augmented_image_038.jpg,1000,1000,Address,39,741,981,803
augmented_image_copy_118.jpg,1000,1000,Logo,812,10,939,42
augmented_image_copy_164.jpg,1000,1000,Signature,39,768,256,862
augmented_image_copy_164.jpg,1000,1000,Signature,384,767,629,862
augmented_image_copy_164.jpg,1000,1000,Name,38,872,343,883
augmented_image_copy_164.jpg,1000,1000,IC,38,883,342,907
augmented_image_copy_164.jpg,1000,1000,IC,383,883,687,907
augmented_image_copy_164.jpg,1000,1000,Name,383,872,688,883
augmented_image_copy_022.jpg,1000,1000,Name,45,887,448,928
augmented_image_copy_022.jpg,1000,1000,Name,44,928,492,954
augmented_image_copy_022.jpg,1000,1000,IC,496,857,890,885
augmented_image_copy_007.jpg,1000,1000,Name,36,44,382,78
augmented_image_copy_007.jpg,1000,1000,Email,397,44,750,78
augmented_image_copy_007.jpg,1000,1000,Mobile_Number,759,45,954,85
augmented_image_copy_007.jpg,1000,1000,Logo,672,905,947,956
augmented_image_copy_007.jpg,1000,1000,Logo,434,926,659,953
augmented_image_copy_007.jpg,1000,1000,Name,37,375,479,404
augmented_image_copy_007.jpg,1000,1000,Email,36,272,945,303
augmented_image_copy_007.jpg,1000,1000,Name,575,154,945,184
augmented_image_copy_007.jpg,1000,1000,IC,545,117,776,150
augmented_image_005.jpg,1000,1000,Name,45,887,448,928
augmented_image_005.jpg,1000,1000,Name,44,928,492,954
augmented_image_005.jpg,1000,1000,IC,496,857,890,885
augmented_image_copy_092.jpg,1000,1000,IC,30,941,689,974
augmented_image_copy_057.jpg,1000,1000,Logo,704,31,916,79
augmented_image_copy_057.jpg,1000,1000,Name,77,307,902,320
augmented_image_copy_057.jpg,1000,1000,IC,77,331,904,343
augmented_image_copy_053.jpg,1000,1000,Logo,705,28,918,81
augmented_image_copy_053.jpg,1000,1000,Name,88,328,429,376
augmented_image_copy_053.jpg,1000,1000,Date,437,327,674,376
augmented_image_copy_053.jpg,1000,1000,Signature,685,326,910,376
augmented_image_copy_059.jpg,1000,1000,Logo,704,31,916,79
augmented_image_copy_059.jpg,1000,1000,Name,77,307,902,320
augmented_image_copy_059.jpg,1000,1000,IC,77,331,904,343
augmented_image_copy_158.jpg,1000,1000,Address,38,15,983,59
augmented_image_copy_158.jpg,1000,1000,Name,41,208,619,233
augmented_image_copy_150.jpg,1000,1000,Address,39,16,984,83
augmented_image_copy_150.jpg,1000,1000,Address,40,257,984,296
augmented_image_copy_150.jpg,1000,1000,Name,37,899,621,928
augmented_image_copy_040.jpg,1000,1000,Logo,700,36,926,75
augmented_image_copy_040.jpg,1000,1000,Signature,77,783,555,848
augmented_image_copy_040.jpg,1000,1000,Date,77,849,421,895
augmented_image_copy_034.jpg,1000,1000,Logo,698,33,929,78
augmented_image_copy_034.jpg,1000,1000,Name,81,173,424,230
augmented_image_copy_034.jpg,1000,1000,IC,80,233,601,276
augmented_image_copy_060.jpg,1000,1000,Logo,704,31,916,79
augmented_image_copy_060.jpg,1000,1000,Name,77,307,902,320
augmented_image_copy_060.jpg,1000,1000,IC,77,331,904,343
augmented_image_copy_147.jpg,1000,1000,Logo,821,10,969,61
augmented_image_copy_147.jpg,1000,1000,IC,40,499,489,526
augmented_image_copy_147.jpg,1000,1000,Name,39,544,907,577
augmented_image_copy_147.jpg,1000,1000,Gender,40,601,359,619
augmented_image_copy_147.jpg,1000,1000,Marital_Status,39,687,560,711
augmented_image_copy_147.jpg,1000,1000,Name,39,713,618,737
augmented_image_copy_147.jpg,1000,1000,Mobile_Number,38,761,447,785
augmented_image_copy_147.jpg,1000,1000,Email,450,609,982,642
augmented_image_copy_147.jpg,1000,1000,Address,38,811,983,849
augmented_image_copy_147.jpg,1000,1000,Mobile_Number,614,873,979,897
augmented_image_032.jpg,1000,1000,Signature,290,784,488,860
augmented_image_032.jpg,1000,1000,Signature,610,784,812,861
augmented_image_032.jpg,1000,1000,Name,265,861,500,879
augmented_image_032.jpg,1000,1000,Name,583,862,838,879
augmented_image_032.jpg,1000,1000,IC,263,880,502,890
augmented_image_032.jpg,1000,1000,IC,582,880,838,890
augmented_image_032.jpg,1000,1000,Logo,31,936,204,972
augmented_image_copy_074.jpg,1000,1000,Address,42,219,499,347
augmented_image_copy_074.jpg,1000,1000,Email,72,56,511,141
augmented_image_copy_074.jpg,1000,1000,Name,44,456,496,496
augmented_image_copy_074.jpg,1000,1000,Address,504,459,954,581
augmented_image_copy_074.jpg,1000,1000,Mobile_Number,507,335,801,373
augmented_image_copy_074.jpg,1000,1000,Name,46,831,496,889
augmented_image_copy_074.jpg,1000,1000,Mobile_Number,507,877,933,902
augmented_image_copy_074.jpg,1000,1000,IC,35,948,688,972
augmented_image_013.jpg,1000,1000,Logo,705,28,918,81
augmented_image_013.jpg,1000,1000,Name,88,328,429,376
augmented_image_013.jpg,1000,1000,Date,437,327,674,376
augmented_image_013.jpg,1000,1000,Signature,685,326,910,376
augmented_image_copy_084.jpg,1000,1000,IC,31,943,689,970
augmented_image_copy_030.jpg,1000,1000,Logo,405,885,596,930
augmented_image_copy_128.jpg,1000,1000,Logo,810,11,939,44
augmented_image_copy_058.jpg,1000,1000,Logo,704,31,916,79
augmented_image_copy_058.jpg,1000,1000,Name,77,307,902,320
augmented_image_copy_058.jpg,1000,1000,IC,77,331,904,343
augmented_image_027.jpg,1000,1000,Logo,813,11,938,41
augmented_image_027.jpg,1000,1000,Signature,87,411,485,453
augmented_image_027.jpg,1000,1000,Date,492,420,910,455
augmented_image_027.jpg,1000,1000,Name,64,530,486,554
augmented_image_027.jpg,1000,1000,Name,503,530,920,554
augmented_image_copy_154.jpg,1000,1000,Name,39,42,771,66
augmented_image_copy_154.jpg,1000,1000,Mobile_Number,39,91,388,115
augmented_image_copy_154.jpg,1000,1000,IC,37,293,491,319
augmented_image_copy_154.jpg,1000,1000,Name,39,335,908,370
augmented_image_copy_154.jpg,1000,1000,Name,39,370,597,394
augmented_image_copy_154.jpg,1000,1000,Gender,38,395,362,411
augmented_image_copy_154.jpg,1000,1000,Marital_Status,38,480,561,504
augmented_image_copy_154.jpg,1000,1000,Email,453,406,980,432
augmented_image_copy_154.jpg,1000,1000,Name,37,505,618,530
augmented_image_copy_154.jpg,1000,1000,Mobile_Number,37,552,448,578
augmented_image_copy_154.jpg,1000,1000,Address,35,628,982,667
augmented_image_copy_154.jpg,1000,1000,Mobile_Number,615,691,978,714
augmented_image_copy_154.jpg,1000,1000,Address,39,741,981,803
augmented_image_copy_159.jpg,1000,1000,Address,38,15,983,59
augmented_image_copy_159.jpg,1000,1000,Name,41,208,619,233
augmented_image_copy_123.jpg,1000,1000,Logo,70,10,196,42
augmented_image_copy_123.jpg,1000,1000,Signature,290,825,487,890
augmented_image_copy_123.jpg,1000,1000,Signature,610,825,814,891
augmented_image_copy_123.jpg,1000,1000,Name,269,891,522,906
augmented_image_copy_123.jpg,1000,1000,Name,597,891,843,906
augmented_image_copy_123.jpg,1000,1000,IC,269,906,523,918
augmented_image_copy_123.jpg,1000,1000,IC,598,906,842,917
augmented_image_copy_011.jpg,1000,1000,Logo,670,907,944,956
augmented_image_copy_011.jpg,1000,1000,Logo,435,926,662,955
augmented_image_copy_011.jpg,1000,1000,Signature,137,572,482,637
augmented_image_copy_011.jpg,1000,1000,Signature,509,572,854,637
augmented_image_copy_011.jpg,1000,1000,Date,365,646,484,659
augmented_image_copy_011.jpg,1000,1000,Date,741,646,855,660
augmented_image_copy_125.jpg,1000,1000,Logo,810,11,939,44
augmented_image_copy_093.jpg,1000,1000,Logo,805,35,945,70
augmented_image_copy_093.jpg,1000,1000,Logo,32,938,200,972
augmented_image_copy_093.jpg,1000,1000,Gender,63,515,374,528
augmented_image_copy_093.jpg,1000,1000,Name,64,531,936,545
augmented_image_copy_093.jpg,1000,1000,Name,66,549,658,581
augmented_image_copy_093.jpg,1000,1000,IC,66,610,393,640
augmented_image_copy_093.jpg,1000,1000,Marital_Status,66,662,714,674
augmented_image_copy_093.jpg,1000,1000,Address,65,721,931,751
augmented_image_copy_093.jpg,1000,1000,Email,65,800,465,813
augmented_image_copy_093.jpg,1000,1000,Mobile_Number,509,772,765,795
augmented_image_copy_042.jpg,1000,1000,Logo,707,30,917,79
augmented_image_copy_042.jpg,1000,1000,Name,91,309,910,318
augmented_image_copy_042.jpg,1000,1000,IC,90,356,908,364
augmented_image_copy_099.jpg,1000,1000,Logo,69,11,195,42
augmented_image_copy_099.jpg,1000,1000,Name,65,519,653,550
augmented_image_copy_099.jpg,1000,1000,Gender,66,484,461,497
augmented_image_copy_099.jpg,1000,1000,IC,65,577,390,612
augmented_image_copy_099.jpg,1000,1000,Mobile_Number,530,630,933,643
augmented_image_copy_099.jpg,1000,1000,Name,66,500,922,514
augmented_image_copy_099.jpg,1000,1000,Signature,66,915,434,958
augmented_image_copy_099.jpg,1000,1000,Date,441,926,831,959
augmented_image_copy_099.jpg,1000,1000,Date,522,727,930,758
augmented_image_copy_099.jpg,1000,1000,Signature,66,713,513,757
augmented_image_copy_083.jpg,1000,1000,IC,31,943,689,970
augmented_image_copy_121.jpg,1000,1000,Logo,70,10,196,42
augmented_image_copy_121.jpg,1000,1000,Signature,290,825,487,890
augmented_image_copy_121.jpg,1000,1000,Signature,610,825,814,891
augmented_image_copy_121.jpg,1000,1000,Name,269,891,522,906
augmented_image_copy_121.jpg,1000,1000,Name,597,891,843,906
augmented_image_copy_121.jpg,1000,1000,IC,269,906,523,918
augmented_image_copy_121.jpg,1000,1000,IC,598,906,842,917
augmented_image_copy_079.jpg,1000,1000,Name,44,207,459,241
augmented_image_copy_079.jpg,1000,1000,Signature,44,245,459,270
augmented_image_copy_079.jpg,1000,1000,Mobile_Number,44,272,459,292
augmented_image_copy_079.jpg,1000,1000,Email,506,342,954,398
augmented_image_copy_079.jpg,1000,1000,Name,506,466,955,532
augmented_image_copy_079.jpg,1000,1000,Name,45,388,498,431
augmented_image_copy_079.jpg,1000,1000,Name,45,475,498,531
augmented_image_copy_079.jpg,1000,1000,IC,44,634,496,685
augmented_image_copy_079.jpg,1000,1000,Mobile_Number,44,687,495,713
augmented_image_copy_079.jpg,1000,1000,IC,34,942,823,973
augmented_image_copy_023.jpg,1000,1000,Name,45,887,448,928
augmented_image_copy_023.jpg,1000,1000,Name,44,928,492,954
augmented_image_copy_023.jpg,1000,1000,IC,496,857,890,885
augmented_image_copy_080.jpg,1000,1000,Name,44,207,459,241
augmented_image_copy_080.jpg,1000,1000,Signature,44,245,459,270
augmented_image_copy_080.jpg,1000,1000,Mobile_Number,44,272,459,292
augmented_image_copy_080.jpg,1000,1000,Email,506,342,954,398
augmented_image_copy_080.jpg,1000,1000,Name,506,466,955,532
augmented_image_copy_080.jpg,1000,1000,Name,45,388,498,431
augmented_image_copy_080.jpg,1000,1000,Name,45,475,498,531
augmented_image_copy_080.jpg,1000,1000,IC,44,634,496,685
augmented_image_copy_080.jpg,1000,1000,Mobile_Number,44,687,495,713
augmented_image_copy_080.jpg,1000,1000,IC,34,942,823,973
augmented_image_copy_006.jpg,1000,1000,Name,36,44,382,78
augmented_image_copy_006.jpg,1000,1000,Email,397,44,750,78
augmented_image_copy_006.jpg,1000,1000,Mobile_Number,759,45,954,85
augmented_image_copy_006.jpg,1000,1000,Logo,672,905,947,956
augmented_image_copy_006.jpg,1000,1000,Logo,434,926,659,953
augmented_image_copy_006.jpg,1000,1000,Name,37,375,479,404
augmented_image_copy_006.jpg,1000,1000,Email,36,272,945,303
augmented_image_copy_006.jpg,1000,1000,Name,575,154,945,184
augmented_image_copy_006.jpg,1000,1000,IC,545,117,776,150
augmented_image_copy_061.jpg,1000,1000,Logo,704,27,919,81
augmented_image_copy_061.jpg,1000,1000,Signature,76,345,899,368
augmented_image_copy_061.jpg,1000,1000,Name,77,372,899,390
augmented_image_copy_061.jpg,1000,1000,Date,78,393,901,414
augmented_image_copy_054.jpg,1000,1000,Logo,705,28,918,81
augmented_image_copy_054.jpg,1000,1000,Name,88,328,429,376
augmented_image_copy_054.jpg,1000,1000,Date,437,327,674,376
augmented_image_copy_054.jpg,1000,1000,Signature,685,326,910,376
augmented_image_copy_143.jpg,1000,1000,Logo,45,22,204,53
augmented_image_copy_143.jpg,1000,1000,Name,34,175,489,217
augmented_image_copy_143.jpg,1000,1000,IC,221,281,470,310
augmented_image_copy_143.jpg,1000,1000,Name,34,344,398,372
augmented_image_copy_143.jpg,1000,1000,Gender,34,372,372,385
augmented_image_copy_143.jpg,1000,1000,Address,32,747,487,835
augmented_image_copy_143.jpg,1000,1000,Mobile_Number,511,263,955,280
augmented_image_copy_143.jpg,1000,1000,Email,510,307,970,325
augmented_image_copy_143.jpg,1000,1000,Marital_Status,515,401,955,430
augmented_image_copy_143.jpg,1000,1000,Name,514,516,971,560
augmented_image_copy_143.jpg,1000,1000,Address,512,669,970,765
augmented_image_copy_143.jpg,1000,1000,IC,361,854,694,873
augmented_image_copy_143.jpg,1000,1000,Signature,32,895,501,972
augmented_image_copy_143.jpg,1000,1000,Signature,505,895,974,967
augmented_image_copy_037.jpg,1000,1000,Logo,700,36,926,75
augmented_image_copy_037.jpg,1000,1000,Signature,77,783,555,848
augmented_image_copy_037.jpg,1000,1000,Date,77,849,421,895
augmented_image_copy_016.jpg,1000,1000,Logo,672,905,936,955
augmented_image_copy_016.jpg,1000,1000,Logo,433,926,664,954
augmented_image_034.jpg,1000,1000,Signature,58,611,281,690
augmented_image_034.jpg,1000,1000,Signature,387,608,612,693
augmented_image_034.jpg,1000,1000,Date,561,868,849,895
augmented_image_016.jpg,1000,1000,Logo,707,31,917,76
augmented_image_016.jpg,1000,1000,Name,79,330,420,383
augmented_image_016.jpg,1000,1000,Date,426,331,681,384
augmented_image_016.jpg,1000,1000,Signature,690,330,899,384
augmented_image_copy_002.jpg,1000,1000,Logo,669,906,947,955
augmented_image_copy_002.jpg,1000,1000,Logo,434,926,660,955
augmented_image_copy_002.jpg,1000,1000,IC,235,284,477,319
augmented_image_copy_002.jpg,1000,1000,Name,273,324,559,355
augmented_image_copy_002.jpg,1000,1000,Email,37,404,481,435
augmented_image_copy_002.jpg,1000,1000,Gender,505,366,656,401
augmented_image_copy_002.jpg,1000,1000,Address,36,444,955,475
augmented_image_copy_056.jpg,1000,1000,Logo,705,28,918,81
augmented_image_copy_056.jpg,1000,1000,Name,88,328,429,376
augmented_image_copy_056.jpg,1000,1000,Date,437,327,674,376
augmented_image_copy_056.jpg,1000,1000,Signature,685,326,910,376
augmented_image_copy_050.jpg,1000,1000,Logo,705,28,919,79
augmented_image_copy_149.jpg,1000,1000,Address,39,16,984,83
augmented_image_copy_149.jpg,1000,1000,Address,40,257,984,296
augmented_image_copy_149.jpg,1000,1000,Name,37,899,621,928
augmented_image_031.jpg,1000,1000,Logo,810,11,939,44
augmented_image_copy_046.jpg,1000,1000,Logo,704,27,919,81
augmented_image_copy_046.jpg,1000,1000,Signature,88,255,462,275
augmented_image_copy_046.jpg,1000,1000,Name,88,277,461,297
augmented_image_copy_046.jpg,1000,1000,Date,88,301,462,321
augmented_image_028.jpg,1000,1000,Logo,67,8,201,41
augmented_image_copy_117.jpg,1000,1000,Logo,812,10,939,42
augmented_image_copy_088.jpg,1000,1000,IC,35,947,689,971
augmented_image_copy_167.jpg,1000,1000,Signature,36,508,444,628
augmented_image_copy_167.jpg,1000,1000,Date,770,551,989,625
augmented_image_copy_161.jpg,1000,1000,Signature,39,768,256,862
augmented_image_copy_161.jpg,1000,1000,Signature,384,767,629,862
augmented_image_copy_161.jpg,1000,1000,Name,38,872,343,883
augmented_image_copy_161.jpg,1000,1000,IC,38,883,342,907
augmented_image_copy_161.jpg,1000,1000,IC,383,883,687,907
augmented_image_copy_161.jpg,1000,1000,Name,383,872,688,883
augmented_image_copy_004.jpg,1000,1000,Logo,669,906,947,955
augmented_image_copy_004.jpg,1000,1000,Logo,434,926,660,955
augmented_image_copy_004.jpg,1000,1000,IC,235,284,477,319
augmented_image_copy_004.jpg,1000,1000,Name,273,324,559,355
augmented_image_copy_004.jpg,1000,1000,Email,37,404,481,435
augmented_image_copy_004.jpg,1000,1000,Gender,505,366,656,401
augmented_image_copy_004.jpg,1000,1000,Address,36,444,955,475
augmented_image_copy_120.jpg,1000,1000,Logo,812,10,939,42
augmented_image_copy_153.jpg,1000,1000,Name,39,42,771,66
augmented_image_copy_153.jpg,1000,1000,Mobile_Number,39,91,388,115
augmented_image_copy_153.jpg,1000,1000,IC,37,293,491,319
augmented_image_copy_153.jpg,1000,1000,Name,39,335,908,370
augmented_image_copy_153.jpg,1000,1000,Name,39,370,597,394
augmented_image_copy_153.jpg,1000,1000,Gender,38,395,362,411
augmented_image_copy_153.jpg,1000,1000,Marital_Status,38,480,561,504
augmented_image_copy_153.jpg,1000,1000,Email,453,406,980,432
augmented_image_copy_153.jpg,1000,1000,Name,37,505,618,530
augmented_image_copy_153.jpg,1000,1000,Mobile_Number,37,552,448,578
augmented_image_copy_153.jpg,1000,1000,Address,35,628,982,667
augmented_image_copy_153.jpg,1000,1000,Mobile_Number,615,691,978,714
augmented_image_copy_153.jpg,1000,1000,Address,39,741,981,803
augmented_image_copy_010.jpg,1000,1000,Logo,670,907,944,956
augmented_image_copy_010.jpg,1000,1000,Logo,435,926,662,955
augmented_image_copy_010.jpg,1000,1000,Signature,137,572,482,637
augmented_image_copy_010.jpg,1000,1000,Signature,509,572,854,637
augmented_image_copy_010.jpg,1000,1000,Date,365,646,484,659
augmented_image_copy_010.jpg,1000,1000,Date,741,646,855,660
augmented_image_copy_168.jpg,1000,1000,Signature,36,508,444,628
augmented_image_copy_168.jpg,1000,1000,Date,770,551,989,625
augmented_image_copy_033.jpg,1000,1000,Logo,698,33,929,78
augmented_image_copy_033.jpg,1000,1000,Name,81,173,424,230
augmented_image_copy_033.jpg,1000,1000,IC,80,233,601,276
augmented_image_copy_073.jpg,1000,1000,Address,42,219,499,347
augmented_image_copy_073.jpg,1000,1000,Email,72,56,511,141
augmented_image_copy_073.jpg,1000,1000,Name,44,456,496,496
augmented_image_copy_073.jpg,1000,1000,Address,504,459,954,581
augmented_image_copy_073.jpg,1000,1000,Mobile_Number,507,335,801,373
augmented_image_copy_073.jpg,1000,1000,Name,46,831,496,889
augmented_image_copy_073.jpg,1000,1000,Mobile_Number,507,877,933,902
augmented_image_copy_073.jpg,1000,1000,IC,35,948,688,972
augmented_image_015.jpg,1000,1000,Logo,704,27,919,81
augmented_image_015.jpg,1000,1000,Signature,76,345,899,368
augmented_image_015.jpg,1000,1000,Name,77,372,899,390
augmented_image_015.jpg,1000,1000,Date,78,393,901,414
augmented_image_copy_094.jpg,1000,1000,Logo,805,35,945,70
augmented_image_copy_094.jpg,1000,1000,Logo,32,938,200,972
augmented_image_copy_094.jpg,1000,1000,Gender,63,515,374,528
augmented_image_copy_094.jpg,1000,1000,Name,64,531,936,545
augmented_image_copy_094.jpg,1000,1000,Name,66,549,658,581
augmented_image_copy_094.jpg,1000,1000,IC,66,610,393,640
augmented_image_copy_094.jpg,1000,1000,Marital_Status,66,662,714,674
augmented_image_copy_094.jpg,1000,1000,Address,65,721,931,751
augmented_image_copy_094.jpg,1000,1000,Email,65,800,465,813
augmented_image_copy_094.jpg,1000,1000,Mobile_Number,509,772,765,795
augmented_image_copy_136.jpg,1000,1000,Logo,52,34,350,87
augmented_image_copy_136.jpg,1000,1000,Name,55,136,949,162
augmented_image_copy_136.jpg,1000,1000,IC,55,169,521,198
augmented_image_copy_136.jpg,1000,1000,Address,56,234,951,324
augmented_image_copy_136.jpg,1000,1000,Address,56,329,952,420
augmented_image_copy_136.jpg,1000,1000,Name,57,456,954,487
augmented_image_copy_136.jpg,1000,1000,Address,55,492,954,579
augmented_image_copy_136.jpg,1000,1000,Mobile_Number,55,620,475,649
augmented_image_copy_136.jpg,1000,1000,Email,488,620,956,649
augmented_image_000.jpg,1000,1000,Logo,669,906,947,955
augmented_image_000.jpg,1000,1000,Logo,434,926,660,955
augmented_image_000.jpg,1000,1000,IC,235,284,477,319
augmented_image_000.jpg,1000,1000,Name,273,324,559,355
augmented_image_000.jpg,1000,1000,Email,37,404,481,435
augmented_image_000.jpg,1000,1000,Gender,505,366,656,401
augmented_image_000.jpg,1000,1000,Address,36,444,955,475
augmented_image_copy_089.jpg,1000,1000,IC,30,941,689,974
augmented_image_008.jpg,1000,1000,Logo,698,33,929,78
augmented_image_008.jpg,1000,1000,Name,81,173,424,230
augmented_image_008.jpg,1000,1000,IC,80,233,601,276
augmented_image_copy_162.jpg,1000,1000,Signature,39,768,256,862
augmented_image_copy_162.jpg,1000,1000,Signature,384,767,629,862
augmented_image_copy_162.jpg,1000,1000,Name,38,872,343,883
augmented_image_copy_162.jpg,1000,1000,IC,38,883,342,907
augmented_image_copy_162.jpg,1000,1000,IC,383,883,687,907
augmented_image_copy_162.jpg,1000,1000,Name,383,872,688,883
augmented_image_025.jpg,1000,1000,Logo,812,13,936,42
augmented_image_029.jpg,1000,1000,Logo,812,10,939,42
augmented_image_copy_048.jpg,1000,1000,Logo,704,27,919,81
augmented_image_copy_048.jpg,1000,1000,Signature,88,255,462,275
augmented_image_copy_048.jpg,1000,1000,Name,88,277,461,297
augmented_image_copy_048.jpg,1000,1000,Date,88,301,462,321
augmented_image_copy_072.jpg,1000,1000,Logo,33,25,254,64
augmented_image_copy_072.jpg,1000,1000,Name,44,704,498,767
augmented_image_copy_072.jpg,1000,1000,Name,45,776,499,824
augmented_image_copy_072.jpg,1000,1000,Marital_Status,504,772,847,812
augmented_image_copy_072.jpg,1000,1000,IC,504,722,938,769
augmented_image_copy_072.jpg,1000,1000,IC,34,942,689,974
augmented_image_012.jpg,1000,1000,Logo,705,28,919,79
augmented_image_copy_091.jpg,1000,1000,IC,30,941,689,974
augmented_image_copy_165.jpg,1000,1000,Signature,36,508,444,628
augmented_image_copy_165.jpg,1000,1000,Date,770,551,989,625
augmented_image_copy_126.jpg,1000,1000,Logo,810,11,939,44
augmented_image_copy_134.jpg,1000,1000,Logo,52,34,350,87
augmented_image_copy_134.jpg,1000,1000,Name,55,136,949,162
augmented_image_copy_134.jpg,1000,1000,IC,55,169,521,198
augmented_image_copy_134.jpg,1000,1000,Address,56,234,951,324
augmented_image_copy_134.jpg,1000,1000,Address,56,329,952,420
augmented_image_copy_134.jpg,1000,1000,Name,57,456,954,487
augmented_image_copy_134.jpg,1000,1000,Address,55,492,954,579
augmented_image_copy_134.jpg,1000,1000,Mobile_Number,55,620,475,649
augmented_image_copy_134.jpg,1000,1000,Email,488,620,956,649
augmented_image_copy_038.jpg,1000,1000,Logo,700,36,926,75
augmented_image_copy_038.jpg,1000,1000,Signature,77,783,555,848
augmented_image_copy_038.jpg,1000,1000,Date,77,849,421,895
augmented_image_022.jpg,1000,1000,IC,30,941,689,974
augmented_image_copy_130.jpg,1000,1000,Signature,290,784,488,860
augmented_image_copy_130.jpg,1000,1000,Signature,610,784,812,861
augmented_image_copy_130.jpg,1000,1000,Name,265,861,500,879
augmented_image_copy_130.jpg,1000,1000,Name,583,862,838,879
augmented_image_copy_130.jpg,1000,1000,IC,263,880,502,890
augmented_image_copy_130.jpg,1000,1000,IC,582,880,838,890
augmented_image_copy_130.jpg,1000,1000,Logo,31,936,204,972
augmented_image_copy_101.jpg,1000,1000,Logo,812,13,936,42
augmented_image_copy_075.jpg,1000,1000,Address,42,219,499,347
augmented_image_copy_075.jpg,1000,1000,Email,72,56,511,141
augmented_image_copy_075.jpg,1000,1000,Name,44,456,496,496
augmented_image_copy_075.jpg,1000,1000,Address,504,459,954,581
augmented_image_copy_075.jpg,1000,1000,Mobile_Number,507,335,801,373
augmented_image_copy_075.jpg,1000,1000,Name,46,831,496,889
augmented_image_copy_075.jpg,1000,1000,Mobile_Number,507,877,933,902
augmented_image_copy_075.jpg,1000,1000,IC,35,948,688,972
augmented_image_copy_027.jpg,1000,1000,Signature,50,830,479,910
augmented_image_copy_027.jpg,1000,1000,Name,46,915,491,932
augmented_image_copy_027.jpg,1000,1000,Date,46,934,491,949
augmented_image_copy_027.jpg,1000,1000,Signature,519,831,948,909
augmented_image_copy_027.jpg,1000,1000,Name,512,917,955,931
augmented_image_copy_027.jpg,1000,1000,Date,513,932,956,949
augmented_image_copy_021.jpg,1000,1000,Name,45,887,448,928
augmented_image_copy_021.jpg,1000,1000,Name,44,928,492,954
augmented_image_copy_021.jpg,1000,1000,IC,496,857,890,885
augmented_image_004.jpg,1000,1000,Logo,45,32,233,70
augmented_image_004.jpg,1000,1000,Date,711,24,956,37
augmented_image_004.jpg,1000,1000,Gender,43,664,469,679
augmented_image_004.jpg,1000,1000,Name,45,736,484,761
augmented_image_004.jpg,1000,1000,IC,44,760,443,787
augmented_image_004.jpg,1000,1000,Marital_Status,505,637,807,676
augmented_image_004.jpg,1000,1000,Mobile_Number,507,692,951,705
augmented_image_004.jpg,1000,1000,Email,507,707,953,722
augmented_image_004.jpg,1000,1000,Address,506,725,953,751
augmented_image_copy_152.jpg,1000,1000,Address,39,16,984,83
augmented_image_copy_152.jpg,1000,1000,Address,40,257,984,296
augmented_image_copy_152.jpg,1000,1000,Name,37,899,621,928
augmented_image_copy_106.jpg,1000,1000,Logo,70,10,198,42
augmented_image_copy_106.jpg,1000,1000,Signature,91,106,484,152
augmented_image_copy_106.jpg,1000,1000,Date,493,117,910,150
augmented_image_copy_106.jpg,1000,1000,Signature,89,465,485,509
augmented_image_copy_106.jpg,1000,1000,Date,493,479,906,510
augmented_image_copy_106.jpg,1000,1000,Signature,89,893,485,938
augmented_image_copy_106.jpg,1000,1000,Date,492,906,909,938
augmented_image_copy_001.jpg,1000,1000,Logo,669,906,947,955
augmented_image_copy_001.jpg,1000,1000,Logo,434,926,660,955
augmented_image_copy_001.jpg,1000,1000,IC,235,284,477,319
augmented_image_copy_001.jpg,1000,1000,Name,273,324,559,355
augmented_image_copy_001.jpg,1000,1000,Email,37,404,481,435
augmented_image_copy_001.jpg,1000,1000,Gender,505,366,656,401
augmented_image_copy_001.jpg,1000,1000,Address,36,444,955,475
augmented_image_040.jpg,1000,1000,Signature,39,768,256,862
augmented_image_040.jpg,1000,1000,Signature,384,767,629,862
augmented_image_040.jpg,1000,1000,Name,38,872,343,883
augmented_image_040.jpg,1000,1000,IC,38,883,342,907
augmented_image_040.jpg,1000,1000,IC,383,883,687,907
augmented_image_040.jpg,1000,1000,Name,383,872,688,883
augmented_image_copy_065.jpg,1000,1000,Logo,707,31,917,76
augmented_image_copy_065.jpg,1000,1000,Name,79,330,420,383
augmented_image_copy_065.jpg,1000,1000,Date,426,331,681,384
augmented_image_copy_065.jpg,1000,1000,Signature,690,330,899,384
augmented_image_copy_096.jpg,1000,1000,Logo,805,35,945,70
augmented_image_copy_096.jpg,1000,1000,Logo,32,938,200,972
augmented_image_copy_096.jpg,1000,1000,Gender,63,515,374,528
augmented_image_copy_096.jpg,1000,1000,Name,64,531,936,545
augmented_image_copy_096.jpg,1000,1000,Name,66,549,658,581
augmented_image_copy_096.jpg,1000,1000,IC,66,610,393,640
augmented_image_copy_096.jpg,1000,1000,Marital_Status,66,662,714,674
augmented_image_copy_096.jpg,1000,1000,Address,65,721,931,751
augmented_image_copy_096.jpg,1000,1000,Email,65,800,465,813
augmented_image_copy_096.jpg,1000,1000,Mobile_Number,509,772,765,795
augmented_image_copy_105.jpg,1000,1000,Logo,70,10,198,42
augmented_image_copy_105.jpg,1000,1000,Signature,91,106,484,152
augmented_image_copy_105.jpg,1000,1000,Date,493,117,910,150
augmented_image_copy_105.jpg,1000,1000,Signature,89,465,485,509
augmented_image_copy_105.jpg,1000,1000,Date,493,479,906,510
augmented_image_copy_105.jpg,1000,1000,Signature,89,893,485,938
augmented_image_copy_105.jpg,1000,1000,Date,492,906,909,938
augmented_image_copy_051.jpg,1000,1000,Logo,705,28,919,79
augmented_image_002.jpg,1000,1000,Logo,670,907,944,956
augmented_image_002.jpg,1000,1000,Logo,435,926,662,955
augmented_image_002.jpg,1000,1000,Signature,137,572,482,637
augmented_image_002.jpg,1000,1000,Signature,509,572,854,637
augmented_image_002.jpg,1000,1000,Date,365,646,484,659
augmented_image_002.jpg,1000,1000,Date,741,646,855,660
augmented_image_copy_026.jpg,1000,1000,Signature,50,830,479,910
augmented_image_copy_026.jpg,1000,1000,Name,46,915,491,932
augmented_image_copy_026.jpg,1000,1000,Date,46,934,491,949
augmented_image_copy_026.jpg,1000,1000,Signature,519,831,948,909
augmented_image_copy_026.jpg,1000,1000,Name,512,917,955,931
augmented_image_copy_026.jpg,1000,1000,Date,513,932,956,949
augmented_image_copy_019.jpg,1000,1000,Logo,45,32,233,70
augmented_image_copy_019.jpg,1000,1000,Date,711,24,956,37
augmented_image_copy_019.jpg,1000,1000,Gender,43,664,469,679
augmented_image_copy_019.jpg,1000,1000,Name,45,736,484,761
augmented_image_copy_019.jpg,1000,1000,IC,44,760,443,787
augmented_image_copy_019.jpg,1000,1000,Marital_Status,505,637,807,676
augmented_image_copy_019.jpg,1000,1000,Mobile_Number,507,692,951,705
augmented_image_copy_019.jpg,1000,1000,Email,507,707,953,722
augmented_image_copy_019.jpg,1000,1000,Address,506,725,953,751
augmented_image_copy_110.jpg,1000,1000,Logo,813,11,938,41
augmented_image_copy_110.jpg,1000,1000,Signature,87,411,485,453
augmented_image_copy_110.jpg,1000,1000,Date,492,420,910,455
augmented_image_copy_110.jpg,1000,1000,Name,64,530,486,554
augmented_image_copy_110.jpg,1000,1000,Name,503,530,920,554
augmented_image_033.jpg,1000,1000,Logo,52,34,350,87
augmented_image_033.jpg,1000,1000,Name,55,136,949,162
augmented_image_033.jpg,1000,1000,IC,55,169,521,198
augmented_image_033.jpg,1000,1000,Address,56,234,951,324
augmented_image_033.jpg,1000,1000,Address,56,329,952,420
augmented_image_033.jpg,1000,1000,Name,57,456,954,487
augmented_image_033.jpg,1000,1000,Address,55,492,954,579
augmented_image_033.jpg,1000,1000,Mobile_Number,55,620,475,649
augmented_image_033.jpg,1000,1000,Email,488,620,956,649
augmented_image_035.jpg,1000,1000,Logo,45,22,204,53
augmented_image_035.jpg,1000,1000,Name,34,175,489,217
augmented_image_035.jpg,1000,1000,IC,221,281,470,310
augmented_image_035.jpg,1000,1000,Name,34,344,398,372
augmented_image_035.jpg,1000,1000,Gender,34,372,372,385
augmented_image_035.jpg,1000,1000,Address,32,747,487,835
augmented_image_035.jpg,1000,1000,Mobile_Number,511,263,955,280
augmented_image_035.jpg,1000,1000,Email,510,307,970,325
augmented_image_035.jpg,1000,1000,Marital_Status,515,401,955,430
augmented_image_035.jpg,1000,1000,Name,514,516,971,560
augmented_image_035.jpg,1000,1000,Address,512,669,970,765
augmented_image_035.jpg,1000,1000,IC,361,854,694,873
augmented_image_035.jpg,1000,1000,Signature,32,895,501,972
augmented_image_035.jpg,1000,1000,Signature,505,895,974,967
augmented_image_copy_155.jpg,1000,1000,Name,39,42,771,66
augmented_image_copy_155.jpg,1000,1000,Mobile_Number,39,91,388,115
augmented_image_copy_155.jpg,1000,1000,IC,37,293,491,319
augmented_image_copy_155.jpg,1000,1000,Name,39,335,908,370
augmented_image_copy_155.jpg,1000,1000,Name,39,370,597,394
augmented_image_copy_155.jpg,1000,1000,Gender,38,395,362,411
augmented_image_copy_155.jpg,1000,1000,Marital_Status,38,480,561,504
augmented_image_copy_155.jpg,1000,1000,Email,453,406,980,432
augmented_image_copy_155.jpg,1000,1000,Name,37,505,618,530
augmented_image_copy_155.jpg,1000,1000,Mobile_Number,37,552,448,578
augmented_image_copy_155.jpg,1000,1000,Address,35,628,982,667
augmented_image_copy_155.jpg,1000,1000,Mobile_Number,615,691,978,714
augmented_image_copy_155.jpg,1000,1000,Address,39,741,981,803
augmented_image_018.jpg,1000,1000,Address,42,219,499,347
augmented_image_018.jpg,1000,1000,Email,72,56,511,141
augmented_image_018.jpg,1000,1000,Name,44,456,496,496
augmented_image_018.jpg,1000,1000,Address,504,459,954,581
augmented_image_018.jpg,1000,1000,Mobile_Number,507,335,801,373
augmented_image_018.jpg,1000,1000,Name,46,831,496,889
augmented_image_018.jpg,1000,1000,Mobile_Number,507,877,933,902
augmented_image_018.jpg,1000,1000,IC,35,948,688,972
augmented_image_copy_044.jpg,1000,1000,Logo,707,30,917,79
augmented_image_copy_044.jpg,1000,1000,Name,91,309,910,318
augmented_image_copy_044.jpg,1000,1000,IC,90,356,908,364
augmented_image_024.jpg,1000,1000,Logo,69,11,195,42
augmented_image_024.jpg,1000,1000,Name,65,519,653,550
augmented_image_024.jpg,1000,1000,Gender,66,484,461,497
augmented_image_024.jpg,1000,1000,IC,65,577,390,612
augmented_image_024.jpg,1000,1000,Mobile_Number,530,630,933,643
augmented_image_024.jpg,1000,1000,Name,66,500,922,514
augmented_image_024.jpg,1000,1000,Signature,66,915,434,958
augmented_image_024.jpg,1000,1000,Date,441,926,831,959
augmented_image_024.jpg,1000,1000,Date,522,727,930,758
augmented_image_024.jpg,1000,1000,Signature,66,713,513,757
augmented_image_copy_086.jpg,1000,1000,IC,35,947,689,971
augmented_image_copy_009.jpg,1000,1000,Logo,670,907,944,956
augmented_image_copy_009.jpg,1000,1000,Logo,435,926,662,955
augmented_image_copy_009.jpg,1000,1000,Signature,137,572,482,637
augmented_image_copy_009.jpg,1000,1000,Signature,509,572,854,637
augmented_image_copy_009.jpg,1000,1000,Date,365,646,484,659
augmented_image_copy_009.jpg,1000,1000,Date,741,646,855,660
augmented_image_copy_132.jpg,1000,1000,Signature,290,784,488,860
augmented_image_copy_132.jpg,1000,1000,Signature,610,784,812,861
augmented_image_copy_132.jpg,1000,1000,Name,265,861,500,879
augmented_image_copy_132.jpg,1000,1000,Name,583,862,838,879
augmented_image_copy_132.jpg,1000,1000,IC,263,880,502,890
augmented_image_copy_132.jpg,1000,1000,IC,582,880,838,890
augmented_image_copy_132.jpg,1000,1000,Logo,31,936,204,972
augmented_image_copy_098.jpg,1000,1000,Logo,69,11,195,42
augmented_image_copy_098.jpg,1000,1000,Name,65,519,653,550
augmented_image_copy_098.jpg,1000,1000,Gender,66,484,461,497
augmented_image_copy_098.jpg,1000,1000,IC,65,577,390,612
augmented_image_copy_098.jpg,1000,1000,Mobile_Number,530,630,933,643
augmented_image_copy_098.jpg,1000,1000,Name,66,500,922,514
augmented_image_copy_098.jpg,1000,1000,Signature,66,915,434,958
augmented_image_copy_098.jpg,1000,1000,Date,441,926,831,959
augmented_image_copy_098.jpg,1000,1000,Date,522,727,930,758
augmented_image_copy_098.jpg,1000,1000,Signature,66,713,513,757
augmented_image_copy_138.jpg,1000,1000,Signature,58,611,281,690
augmented_image_copy_138.jpg,1000,1000,Signature,387,608,612,693
augmented_image_copy_138.jpg,1000,1000,Date,561,868,849,895
augmented_image_copy_151.jpg,1000,1000,Address,39,16,984,83
augmented_image_copy_151.jpg,1000,1000,Address,40,257,984,296
augmented_image_copy_151.jpg,1000,1000,Name,37,899,621,928
augmented_image_copy_035.jpg,1000,1000,Logo,698,33,929,78
augmented_image_copy_035.jpg,1000,1000,Name,81,173,424,230
augmented_image_copy_035.jpg,1000,1000,IC,80,233,601,276
augmented_image_copy_062.jpg,1000,1000,Logo,704,27,919,81
augmented_image_copy_062.jpg,1000,1000,Signature,76,345,899,368
augmented_image_copy_062.jpg,1000,1000,Name,77,372,899,390
augmented_image_copy_062.jpg,1000,1000,Date,78,393,901,414
augmented_image_copy_012.jpg,1000,1000,Logo,670,907,944,956
augmented_image_copy_012.jpg,1000,1000,Logo,435,926,662,955
augmented_image_copy_012.jpg,1000,1000,Signature,137,572,482,637
augmented_image_copy_012.jpg,1000,1000,Signature,509,572,854,637
augmented_image_copy_012.jpg,1000,1000,Date,365,646,484,659
augmented_image_copy_012.jpg,1000,1000,Date,741,646,855,660
augmented_image_copy_008.jpg,1000,1000,Name,36,44,382,78
augmented_image_copy_008.jpg,1000,1000,Email,397,44,750,78
augmented_image_copy_008.jpg,1000,1000,Mobile_Number,759,45,954,85
augmented_image_copy_008.jpg,1000,1000,Logo,672,905,947,956
augmented_image_copy_008.jpg,1000,1000,Logo,434,926,659,953
augmented_image_copy_008.jpg,1000,1000,Name,37,375,479,404
augmented_image_copy_008.jpg,1000,1000,Email,36,272,945,303
augmented_image_copy_008.jpg,1000,1000,Name,575,154,945,184
augmented_image_copy_008.jpg,1000,1000,IC,545,117,776,150
augmented_image_copy_076.jpg,1000,1000,Address,42,219,499,347
augmented_image_copy_076.jpg,1000,1000,Email,72,56,511,141
augmented_image_copy_076.jpg,1000,1000,Name,44,456,496,496
augmented_image_copy_076.jpg,1000,1000,Address,504,459,954,581
augmented_image_copy_076.jpg,1000,1000,Mobile_Number,507,335,801,373
augmented_image_copy_076.jpg,1000,1000,Name,46,831,496,889
augmented_image_copy_076.jpg,1000,1000,Mobile_Number,507,877,933,902
augmented_image_copy_076.jpg,1000,1000,IC,35,948,688,972
augmented_image_copy_100.jpg,1000,1000,Logo,69,11,195,42
augmented_image_copy_100.jpg,1000,1000,Name,65,519,653,550
augmented_image_copy_100.jpg,1000,1000,Gender,66,484,461,497
augmented_image_copy_100.jpg,1000,1000,IC,65,577,390,612
augmented_image_copy_100.jpg,1000,1000,Mobile_Number,530,630,933,643
augmented_image_copy_100.jpg,1000,1000,Name,66,500,922,514
augmented_image_copy_100.jpg,1000,1000,Signature,66,915,434,958
augmented_image_copy_100.jpg,1000,1000,Date,441,926,831,959
augmented_image_copy_100.jpg,1000,1000,Date,522,727,930,758
augmented_image_copy_100.jpg,1000,1000,Signature,66,713,513,757
augmented_image_copy_111.jpg,1000,1000,Logo,813,11,938,41
augmented_image_copy_111.jpg,1000,1000,Signature,87,411,485,453
augmented_image_copy_111.jpg,1000,1000,Date,492,420,910,455
augmented_image_copy_111.jpg,1000,1000,Name,64,530,486,554
augmented_image_copy_111.jpg,1000,1000,Name,503,530,920,554
augmented_image_copy_107.jpg,1000,1000,Logo,70,10,198,42
augmented_image_copy_107.jpg,1000,1000,Signature,91,106,484,152
augmented_image_copy_107.jpg,1000,1000,Date,493,117,910,150
augmented_image_copy_107.jpg,1000,1000,Signature,89,465,485,509
augmented_image_copy_107.jpg,1000,1000,Date,493,479,906,510
augmented_image_copy_107.jpg,1000,1000,Signature,89,893,485,938
augmented_image_copy_107.jpg,1000,1000,Date,492,906,909,938
augmented_image_copy_087.jpg,1000,1000,IC,35,947,689,971
augmented_image_copy_069.jpg,1000,1000,Logo,33,25,254,64
augmented_image_copy_069.jpg,1000,1000,Name,44,704,498,767
augmented_image_copy_069.jpg,1000,1000,Name,45,776,499,824
augmented_image_copy_069.jpg,1000,1000,Marital_Status,504,772,847,812
augmented_image_copy_069.jpg,1000,1000,IC,504,722,938,769
augmented_image_copy_069.jpg,1000,1000,IC,34,942,689,974
augmented_image_009.jpg,1000,1000,Logo,700,36,926,75
augmented_image_009.jpg,1000,1000,Signature,77,783,555,848
augmented_image_009.jpg,1000,1000,Date,77,849,421,895
augmented_image_copy_081.jpg,1000,1000,IC,31,943,689,970
augmented_image_copy_112.jpg,1000,1000,Logo,813,11,938,41
augmented_image_copy_112.jpg,1000,1000,Signature,87,411,485,453
augmented_image_copy_112.jpg,1000,1000,Date,492,420,910,455
augmented_image_copy_112.jpg,1000,1000,Name,64,530,486,554
augmented_image_copy_112.jpg,1000,1000,Name,503,530,920,554
augmented_image_copy_068.jpg,1000,1000,Logo,707,31,917,76
augmented_image_copy_068.jpg,1000,1000,Name,79,330,420,383
augmented_image_copy_068.jpg,1000,1000,Date,426,331,681,384
augmented_image_copy_068.jpg,1000,1000,Signature,690,330,899,384
augmented_image_036.jpg,1000,1000,Logo,821,10,969,61
augmented_image_036.jpg,1000,1000,IC,40,499,489,526
augmented_image_036.jpg,1000,1000,Name,39,544,907,577
augmented_image_036.jpg,1000,1000,Gender,40,601,359,619
augmented_image_036.jpg,1000,1000,Marital_Status,39,687,560,711
augmented_image_036.jpg,1000,1000,Name,39,713,618,737
augmented_image_036.jpg,1000,1000,Mobile_Number,38,761,447,785
augmented_image_036.jpg,1000,1000,Email,450,609,982,642
augmented_image_036.jpg,1000,1000,Address,38,811,983,849
augmented_image_036.jpg,1000,1000,Mobile_Number,614,873,979,897
augmented_image_copy_140.jpg,1000,1000,Signature,58,611,281,690
augmented_image_copy_140.jpg,1000,1000,Signature,387,608,612,693
augmented_image_copy_140.jpg,1000,1000,Date,561,868,849,895
augmented_image_copy_102.jpg,1000,1000,Logo,812,13,936,42
augmented_image_023.jpg,1000,1000,Logo,805,35,945,70
augmented_image_023.jpg,1000,1000,Logo,32,938,200,972
augmented_image_023.jpg,1000,1000,Gender,63,515,374,528
augmented_image_023.jpg,1000,1000,Name,64,531,936,545
augmented_image_023.jpg,1000,1000,Name,66,549,658,581
augmented_image_023.jpg,1000,1000,IC,66,610,393,640
augmented_image_023.jpg,1000,1000,Marital_Status,66,662,714,674
augmented_image_023.jpg,1000,1000,Address,65,721,931,751
augmented_image_023.jpg,1000,1000,Email,65,800,465,813
augmented_image_023.jpg,1000,1000,Mobile_Number,509,772,765,795
augmented_image_copy_017.jpg,1000,1000,Logo,45,32,233,70
augmented_image_copy_017.jpg,1000,1000,Date,711,24,956,37
augmented_image_copy_017.jpg,1000,1000,Gender,43,664,469,679
augmented_image_copy_017.jpg,1000,1000,Name,45,736,484,761
augmented_image_copy_017.jpg,1000,1000,IC,44,760,443,787
augmented_image_copy_017.jpg,1000,1000,Marital_Status,505,637,807,676
augmented_image_copy_017.jpg,1000,1000,Mobile_Number,507,692,951,705
augmented_image_copy_017.jpg,1000,1000,Email,507,707,953,722
augmented_image_copy_017.jpg,1000,1000,Address,506,725,953,751
augmented_image_copy_116.jpg,1000,1000,Logo,67,8,201,41
augmented_image_copy_052.jpg,1000,1000,Logo,705,28,919,79
augmented_image_copy_063.jpg,1000,1000,Logo,704,27,919,81
augmented_image_copy_063.jpg,1000,1000,Signature,76,345,899,368
augmented_image_copy_063.jpg,1000,1000,Name,77,372,899,390
augmented_image_copy_063.jpg,1000,1000,Date,78,393,901,414
augmented_image_copy_108.jpg,1000,1000,Logo,70,10,198,42
augmented_image_copy_108.jpg,1000,1000,Signature,91,106,484,152
augmented_image_copy_108.jpg,1000,1000,Date,493,117,910,150
augmented_image_copy_108.jpg,1000,1000,Signature,89,465,485,509
augmented_image_copy_108.jpg,1000,1000,Date,493,479,906,510
augmented_image_copy_108.jpg,1000,1000,Signature,89,893,485,938
augmented_image_copy_108.jpg,1000,1000,Date,492,906,909,938
augmented_image_copy_146.jpg,1000,1000,Logo,821,10,969,61
augmented_image_copy_146.jpg,1000,1000,IC,40,499,489,526
augmented_image_copy_146.jpg,1000,1000,Name,39,544,907,577
augmented_image_copy_146.jpg,1000,1000,Gender,40,601,359,619
augmented_image_copy_146.jpg,1000,1000,Marital_Status,39,687,560,711
augmented_image_copy_146.jpg,1000,1000,Name,39,713,618,737
augmented_image_copy_146.jpg,1000,1000,Mobile_Number,38,761,447,785
augmented_image_copy_146.jpg,1000,1000,Email,450,609,982,642
augmented_image_copy_146.jpg,1000,1000,Address,38,811,983,849
augmented_image_copy_146.jpg,1000,1000,Mobile_Number,614,873,979,897
augmented_image_copy_097.jpg,1000,1000,Logo,69,11,195,42
augmented_image_copy_097.jpg,1000,1000,Name,65,519,653,550
augmented_image_copy_097.jpg,1000,1000,Gender,66,484,461,497
augmented_image_copy_097.jpg,1000,1000,IC,65,577,390,612
augmented_image_copy_097.jpg,1000,1000,Mobile_Number,530,630,933,643
augmented_image_copy_097.jpg,1000,1000,Name,66,500,922,514
augmented_image_copy_097.jpg,1000,1000,Signature,66,915,434,958
augmented_image_copy_097.jpg,1000,1000,Date,441,926,831,959
augmented_image_copy_097.jpg,1000,1000,Date,522,727,930,758
augmented_image_copy_097.jpg,1000,1000,Signature,66,713,513,757
augmented_image_003.jpg,1000,1000,Logo,672,905,936,955
augmented_image_003.jpg,1000,1000,Logo,433,926,664,954
